site_visit_date,location,county,algae_observed,comments,latitude,longitude,algae_type,microcystin,other_toxin,pic_URL,toxin_present,,,,,
2021/06/24 17:08:00+00,Rodman Reservoir - Rodman Dam Road,Putnam,No,,29.5210666666667,-81.8063833333333,Dominant taxon: Microcystis aeruginosa,Pending,Pending,,Pending,,,,,
2021/06/24 15:45:00+00,C51 canal - Military Trail,PalmBeach,No,,26.6771817324262,-80.1118695057127,mixed algae,no dominant species in sample,Pending,Pending,,Pending,,,,
2021/06/24 15:14:59+00,C51 canal - upstream of S155,PalmBeach,No,,26.644822615585,-80.0551796547951,mixed algae,no dominant species in sample,Pending,Pending,,Pending,,,,
2021/06/24 15:00:00+00,C51 canal - Forest Hill Blvd.,PalmBeach,No,,26.6548898055707,-80.0710872845656,mixed algae,no dominant species in sample,Pending,Pending,,Pending,,,,
2021/06/24 14:50:00+00,Sampson River - end of SW 136th St.,Bradford,Yes,,29.9216518,-82.2054368,mixed algae,no dominant species in sample,Pending,Pending,https://services1.arcgis.com/nRHtyn3uE1kyzoYc/arcgis/rest/services/service_5c5ebb2c750c442da2b09ddcc97bb150/FeatureServer/0/2463/attachments/2228?token=_Y2gDxg4c5cLoUeZS9Mzpf2gv-KgE3mTxf4vreOZbmYjRylGvJFMG91CzaDcXjGdm3AtlDWOP8AcHidyg3MgBE4ulFbF-5zepu6E3DdXkZGdB9FsBqaD1EtclvGo1kQO6bswEF2gz4bZKC-6FAbhoef5zvbMsj8Qt6YWEhkeJJ3O03HGZYBaXqItgx3f4-ra,Pending,,,,
2021/06/24 14:29:59+00,Orange River - Manatee Park,Lee,Yes,,26.6919882,-81.777258,Pending,Pending,Pending,https://services1.arcgis.com/nRHtyn3uE1kyzoYc/arcgis/rest/services/service_5c5ebb2c750c442da2b09ddcc97bb150/FeatureServer/0/2462/attachments/2225?token=_Y2gDxg4c5cLoUeZS9Mzpf2gv-KgE3mTxf4vreOZbmYjRylGvJFMG91CzaDcXjGdm3AtlDWOP8AcHidyg3MgBE4ulFbF-5zepu6E3DdXkZGdB9FsBqaD1EtclvGo1kQO6bswEF2gz4bZKC-6FAbhoef5zvbMsj8Qt6YWEhkeJJ3O03HGZYBaXqItgx3f4-ra,Pending,,,,,
2021/06/24 14:29:59+00,C51 canal - Summit Blvd.,PalmBeach,No,,26.6661766928989,-80.0737601646138,mixed algae,no dominant species in sample,Pending,Pending,,Pending,,,,
2021/06/24 13:40:00+00,Caloosahatchee River - S Olga Dr,Lee,Yes,,26.7242053,-81.7125462,Co-dominant taxa were: Microcystis aeruginosa and Cylindrospermopsis raciborskii,Pending,Pending,https://services1.arcgis.com/nRHtyn3uE1kyzoYc/arcgis/rest/services/service_5c5ebb2c750c442da2b09ddcc97bb150/FeatureServer/0/2461/attachments/2222?token=_Y2gDxg4c5cLoUeZS9Mzpf2gv-KgE3mTxf4vreOZbmYjRylGvJFMG91CzaDcXjGdm3AtlDWOP8AcHidyg3MgBE4ulFbF-5zepu6E3DdXkZGdB9FsBqaD1EtclvGo1kQO6bswEF2gz4bZKC-6FAbhoef5zvbMsj8Qt6YWEhkeJJ3O03HGZYBaXqItgx3f4-ra,Pending,,,,,
2021/06/24 12:45:00+00,Caloosahatchee River - Labelle Bridge,Hendry,Yes,,26.7689395,-81.4363524,Dominant taxon: Microcystis aeruginosa,Pending,Pending,https://services1.arcgis.com/nRHtyn3uE1kyzoYc/arcgis/rest/services/service_5c5ebb2c750c442da2b09ddcc97bb150/FeatureServer/0/2460/attachments/2219?token=_Y2gDxg4c5cLoUeZS9Mzpf2gv-KgE3mTxf4vreOZbmYjRylGvJFMG91CzaDcXjGdm3AtlDWOP8AcHidyg3MgBE4ulFbF-5zepu6E3DdXkZGdB9FsBqaD1EtclvGo1kQO6bswEF2gz4bZKC-6FAbhoef5zvbMsj8Qt6YWEhkeJJ3O03HGZYBaXqItgx3f4-ra,Pending,,,,,
2021/06/24 12:27:00+00,C44 canal - Timer Powers Park,Martin,Yes,,Possible BGA observed floating on water surface and in water column,27.01836,-80.44254,mixed algae,no dominant species in sample,Pending,Pending,https://services1.arcgis.com/nRHtyn3uE1kyzoYc/arcgis/rest/services/service_5c5ebb2c750c442da2b09ddcc97bb150/FeatureServer/0/2466/attachments/2233?token=_Y2gDxg4c5cLoUeZS9Mzpf2gv-KgE3mTxf4vreOZbmYjRylGvJFMG91CzaDcXjGdm3AtlDWOP8AcHidyg3MgBE4ulFbF-5zepu6E3DdXkZGdB9FsBqaD1EtclvGo1kQO6bswEF2gz4bZKC-6FAbhoef5zvbMsj8Qt6YWEhkeJJ3O03HGZYBaXqItgx3f4-ra,Pending,,,
2021/06/24 12:23:00+00,Stick Marsh - North (STKM),IndianRiver,No,,27.81065,-80.724854,mixed algae,no dominant species in sample,Pending,Pending,https://services1.arcgis.com/nRHtyn3uE1kyzoYc/arcgis/rest/services/service_5c5ebb2c750c442da2b09ddcc97bb150/FeatureServer/0/2465/attachments/2232?token=_Y2gDxg4c5cLoUeZS9Mzpf2gv-KgE3mTxf4vreOZbmYjRylGvJFMG91CzaDcXjGdm3AtlDWOP8AcHidyg3MgBE4ulFbF-5zepu6E3DdXkZGdB9FsBqaD1EtclvGo1kQO6bswEF2gz4bZKC-6FAbhoef5zvbMsj8Qt6YWEhkeJJ3O03HGZYBaXqItgx3f4-ra,Pending,,,,
2021/06/24 12:11:00+00,Lake Okeechobee - CULV10A,PalmBeach,No,No visible BGA,26.91691,-80.61307,mixed algae,no dominant species in sample,Pending,Pending,https://services1.arcgis.com/nRHtyn3uE1kyzoYc/arcgis/rest/services/service_5c5ebb2c750c442da2b09ddcc97bb150/FeatureServer/0/2464/attachments/2231?token=_Y2gDxg4c5cLoUeZS9Mzpf2gv-KgE3mTxf4vreOZbmYjRylGvJFMG91CzaDcXjGdm3AtlDWOP8AcHidyg3MgBE4ulFbF-5zepu6E3DdXkZGdB9FsBqaD1EtclvGo1kQO6bswEF2gz4bZKC-6FAbhoef5zvbMsj8Qt6YWEhkeJJ3O03HGZYBaXqItgx3f4-ra,Pending,,,,
2021/06/23 17:19:59+00,Lake Sebring,Highlands,Yes,"Blue green algal, smells foul",27.5234433,-81.4786061,Dominant taxon: Dolichospermum circinale,not detected,Anatoxin-a: not detected,Cylindrospermopsin: not detected,Nodularin: not detected,Saxitoxins: not detected,https://services1.arcgis.com/nRHtyn3uE1kyzoYc/arcgis/rest/services/service_5c5ebb2c750c442da2b09ddcc97bb150/FeatureServer/0/2435/attachments/2213?token=_Y2gDxg4c5cLoUeZS9Mzpf2gv-KgE3mTxf4vreOZbmYjRylGvJFMG91CzaDcXjGdm3AtlDWOP8AcHidyg3MgBE4ulFbF-5zepu6E3DdXkZGdB9FsBqaD1EtclvGo1kQO6bswEF2gz4bZKC-6FAbhoef5zvbMsj8Qt6YWEhkeJJ3O03HGZYBaXqItgx3f4-ra,No,,
2021/06/23 16:44:00+00,Lake Okeechobee - CLV10A,PalmBeach,No,No visible BGA,26.91646,-80.62276,mixed algae,no dominant species in sample,not detected,Anatoxin-a: not detected,Cylindrospermopsin: not detected,Nodularin: not detected,,No,,
2021/06/23 16:12:00+00,Lake Okeechobee - LZ40,PalmBeach,Yes,"	High density BGA oberved, bright green in color, interspersed throughout water column, no discernable boundaries",26.90152,-80.7895,Dominant taxon: Microcystis aeruginosa,11,Anatoxin-a: not detected,Cylindrospermopsin: not detected,Nodularin: not detected,https://services1.arcgis.com/nRHtyn3uE1kyzoYc/arcgis/rest/services/service_5c5ebb2c750c442da2b09ddcc97bb150/FeatureServer/0/2442/attachments/2218?token=_Y2gDxg4c5cLoUeZS9Mzpf2gv-KgE3mTxf4vreOZbmYjRylGvJFMG91CzaDcXjGdm3AtlDWOP8AcHidyg3MgBE4ulFbF-5zepu6E3DdXkZGdB9FsBqaD1EtclvGo1kQO6bswEF2gz4bZKC-6FAbhoef5zvbMsj8Qt6YWEhkeJJ3O03HGZYBaXqItgx3f4-ra,Yes,,,
2021/06/23 15:49:00+00,Lake Okeechobee - L006,PalmBeach,No,No visible BGA,26.82255,-80.78336,mixed algae,no dominant species in sample,not detected,Anatoxin-a: not detected,Cylindrospermopsin: not detected,Nodularin: not detected,,No,,
2021/06/23 15:27:00+00,Lake Okeechobee - PALMOUT3,PalmBeach,Yes,"Medium density BGA oberved, bright green in color, interspersed throughout water column, no discernable boundaries",26.85964,-80.86878,Dominant taxon: Microcystis aeruginosa,8.4,Anatoxin-a: not detected,Cylindrospermopsin: not detected,Nodularin: not detected,https://services1.arcgis.com/nRHtyn3uE1kyzoYc/arcgis/rest/services/service_5c5ebb2c750c442da2b09ddcc97bb150/FeatureServer/0/2441/attachments/2217?token=_Y2gDxg4c5cLoUeZS9Mzpf2gv-KgE3mTxf4vreOZbmYjRylGvJFMG91CzaDcXjGdm3AtlDWOP8AcHidyg3MgBE4ulFbF-5zepu6E3DdXkZGdB9FsBqaD1EtclvGo1kQO6bswEF2gz4bZKC-6FAbhoef5zvbMsj8Qt6YWEhkeJJ3O03HGZYBaXqItgx3f4-ra,Yes,,,
2021/06/23 15:12:00+00,Lake Okeechobee - PALMOUT2,Hendry,Yes,"	Medium density BGA oberved, bright green in color, interspersed throughout water column, no discernable boundaries",26.84939,-80.89341,Dominant taxon: Microcystis aeruginosa,4.7,Anatoxin-a: not detected,Cylindrospermopsin: not detected,Nodularin: not detected,https://services1.arcgis.com/nRHtyn3uE1kyzoYc/arcgis/rest/services/service_5c5ebb2c750c442da2b09ddcc97bb150/FeatureServer/0/2440/attachments/2216?token=_Y2gDxg4c5cLoUeZS9Mzpf2gv-KgE3mTxf4vreOZbmYjRylGvJFMG91CzaDcXjGdm3AtlDWOP8AcHidyg3MgBE4ulFbF-5zepu6E3DdXkZGdB9FsBqaD1EtclvGo1kQO6bswEF2gz4bZKC-6FAbhoef5zvbMsj8Qt6YWEhkeJJ3O03HGZYBaXqItgx3f4-ra,Yes,,,
2021/06/23 14:58:00+00,Lake Okeechobee - PALMOUT1,Hendry,No,No visible BGA.,26.83999,-80.9198,mixed algae,no dominant species in sample,not detected,Anatoxin-a: not detected,Cylindrospermopsin: not detected,Nodularin: not detected,,No,,
2021/06/23 14:45:00+00,Lake Melva,Broward,No,,26.1480011104481,-80.1210874936657,Dominant taxon: Microcystis aeruginosa,not detected,Anatoxin-a: not detected,Cylindrospermopsin: not detected,Nodularin: not detected,,No,,,
2021/06/23 14:44:00+00,Lake Okeechobee - PALMOUT,Glades,No,No visible BGA.,26.83197,-80.94151,mixed algae,no dominant species in sample,not detected,Anatoxin-a: not detected,Cylindrospermopsin: not detected,Nodularin: not detected,,No,,
2021/06/23 14:29:59+00,Blue Cypress Lake - Center (BCL),IndianRiver,No,,27.7266,-80.7536,Dominant taxon: Microcystis wesenbergii,not detected,Anatoxin-a: not detected,Cylindrospermopsin: not detected,Nodularin: not detected,Saxitoxins: not detected,,No,,
2021/06/23 14:16:59+00,Lake Okeechobee - LZ30,PalmBeach,No,No visible BGA.,26.79757,-80.85939,Dominant taxon: Microcystis aeruginosa,not detected,Anatoxin-a: not detected,Cylindrospermopsin: not detected,Nodularin: not detected,,No,,,
2021/06/23 13:57:59+00,Lake Okeechobee - POLE3S,PalmBeach,No,No visible BGA.,26.73365,-80.83975,mixed algae,no dominant species in sample,not detected,Anatoxin-a: not detected,Cylindrospermopsin: not detected,Nodularin: not detected,,No,,
2021/06/23 13:39:00+00,Lake Okeechobee - RITTAE2,PalmBeach,No,No visible BGA,26.72981,-80.78961,mixed algae,no dominant species in sample,not detected,Anatoxin-a: not detected,Cylindrospermopsin: not detected,Nodularin: not detected,,No,,
2021/06/23 13:18:59+00,Lake Okeechobee - LZ25A,PalmBeach,No,No visible BGA,26.74486,-80.76962,mixed algae,no dominant species in sample,not detected,Anatoxin-a: not detected,Cylindrospermopsin: not detected,Nodularin: not detected,,No,,
2021/06/23 13:02:59+00,Lake Okeechobee - L007,PalmBeach,No,No visible BGA,26.77007,-80.784,Dominant taxon: Microcystis aeruginosa,not detected,Anatoxin-a: not detected,Cylindrospermopsin: not detected,Nodularin: not detected,,No,,,
2021/06/23 12:30:00+00,Lake Okeechobee - PELBAY3,PalmBeach,No,No visible BGA,26.77519,-80.70824,Dominant taxon: Microcystis aeruginosa,not detected,Anatoxin-a: not detected,Cylindrospermopsin: not detected,Nodularin: not detected,,No,,,
2021/06/22 16:53:00+00,Lake Okeechobee - KBARSE,Okeechobee,Yes,,Bright green BGA observed in high density clumps with undefined boundaries. BGA is suspended within 10cm of surface.,27.08196,-80.81412,Dominant taxon: Microcystis aeruginosa,31,Anatoxin-a: not detected,Cylindrospermopsin: not detected,Nodularin: not detected,https://services1.arcgis.com/nRHtyn3uE1kyzoYc/arcgis/rest/services/service_5c5ebb2c750c442da2b09ddcc97bb150/FeatureServer/0/2430/attachments/2209?token=_Y2gDxg4c5cLoUeZS9Mzpf2gv-KgE3mTxf4vreOZbmYjRylGvJFMG91CzaDcXjGdm3AtlDWOP8AcHidyg3MgBE4ulFbF-5zepu6E3DdXkZGdB9FsBqaD1EtclvGo1kQO6bswEF2gz4bZKC-6FAbhoef5zvbMsj8Qt6YWEhkeJJ3O03HGZYBaXqItgx3f4-ra,Yes,,
2021/06/22 16:25:00+00,Lake Okeechobee - POLESOUT,Glades,No,No visible BGA.,27.03688,-80.91575,Dominant taxon: Cylindrospermopsis raciborskii,0.51 I (I qualifier indicates that the reported value is between the laboratory method detection limit and the laboratory practical quantitation limit.),Anatoxin-a: not detected,Cylindrospermopsin: not detected,Nodularin: not detected,,Yes,,,
2021/06/22 16:12:00+00,Lake Okeechobee - POLESOUT1,Glades,Yes,Bright green BGA observed in low density clumps with undefined boundaries. BGA is suspended within 10cm of surface.,27.02548,-80.89883,Dominant taxon: Microcystis aeruginosa,6.9,Anatoxin-a: not detected,Cylindrospermopsin: not detected,Nodularin: not detected,https://services1.arcgis.com/nRHtyn3uE1kyzoYc/arcgis/rest/services/service_5c5ebb2c750c442da2b09ddcc97bb150/FeatureServer/0/2423/attachments/2204?token=_Y2gDxg4c5cLoUeZS9Mzpf2gv-KgE3mTxf4vreOZbmYjRylGvJFMG91CzaDcXjGdm3AtlDWOP8AcHidyg3MgBE4ulFbF-5zepu6E3DdXkZGdB9FsBqaD1EtclvGo1kQO6bswEF2gz4bZKC-6FAbhoef5zvbMsj8Qt6YWEhkeJJ3O03HGZYBaXqItgx3f4-ra,Yes,,,
2021/06/22 16:10:00+00,Tampa Bay - Piney 20,Hillsborough,No,Algae identified by FWRI,toxin analysis performed by DEP.,27.729,-82.4987,mixed algae,no dominant species in sample,not detected,Anatoxin-a: not detected,Cylindrospermopsin: not detected,Nodularin: not detected,Saxitoxins: not detected,,No
2021/06/22 16:02:00+00,Lake Okeechobee - POLESOUT2,Okeechobee,No,No visible BGA.,27.0036431342086,-80.8792231553408,Dominant taxon: Microcystis aeruginosa,0.34 I (I qualifier indicates that the reported value is between the laboratory method detection limit and the laboratory practical quantitation limit.),Anatoxin-a: not detected,Cylindrospermopsin: not detected,Nodularin: not detected,,Yes,,,
2021/06/22 15:55:00+00,Tampa Bay - Piney 19,Hillsborough,No,Algae identified by FWRI,toxin analysis performed by DEP.,27.7238,-82.5338,mixed algae,no dominant species in sample,not detected,Anatoxin-a: not detected,Cylindrospermopsin: not detected,Nodularin: not detected,Saxitoxins: not detected,,No
2021/06/22 15:48:00+00,Lake Okeechobee - POLESOUT3,Okeechobee,Yes,,Bright green BGA observed in low density clumps with undefined boundaries. BGA is suspended within 10cm of surface.,26.99327,-80.86611,Dominant taxon: Microcystis aeruginosa,6.3,Anatoxin-a: not detected,Cylindrospermopsin: not detected,Nodularin: not detected,https://services1.arcgis.com/nRHtyn3uE1kyzoYc/arcgis/rest/services/service_5c5ebb2c750c442da2b09ddcc97bb150/FeatureServer/0/2421/attachments/2203?token=_Y2gDxg4c5cLoUeZS9Mzpf2gv-KgE3mTxf4vreOZbmYjRylGvJFMG91CzaDcXjGdm3AtlDWOP8AcHidyg3MgBE4ulFbF-5zepu6E3DdXkZGdB9FsBqaD1EtclvGo1kQO6bswEF2gz4bZKC-6FAbhoef5zvbMsj8Qt6YWEhkeJJ3O03HGZYBaXqItgx3f4-ra,Yes,,
2021/06/22 15:20:00+00,Tampa Bay - Piney 17,Pinellas,No,Algae identified by FWRI,toxin analysis performed by DEP.,27.69339,-82.55901,mixed algae,no dominant species in sample,not detected,Anatoxin-a: not detected,Cylindrospermopsin: not detected,Nodularin: not detected,Saxitoxins: not detected,,No
2021/06/22 15:17:59+00,Lake Okeechobee - L005,Glades,No,No visible BGA.,26.95687,-80.97191,mixed algae,no dominant species in sample,not detected,Anatoxin-a: not detected,Cylindrospermopsin: not detected,Nodularin: not detected,,No,,
2021/06/22 15:04:59+00,Tampa Bay - Piney 9,Manatee,No,Algae identified by FWRI,toxin analysis performed by DEP.,27.605986,-82.601167,mixed algae,no dominant species in sample,not detected,Anatoxin-a: not detected,Cylindrospermopsin: not detected,Nodularin: not detected,Saxitoxins: not detected,,No
2021/06/22 14:55:00+00,Lake Okeechobee - L008,Glades,Yes,,Bright green BGA observed in low density clumps with undefined boundaries. BGA is suspended within 10cm of surface.,26.95649,-80.89144,Dominant taxon: Microcystis aeruginosa,1.8,Anatoxin-a: not detected,Cylindrospermopsin: not detected,Nodularin: not detected,https://services1.arcgis.com/nRHtyn3uE1kyzoYc/arcgis/rest/services/service_5c5ebb2c750c442da2b09ddcc97bb150/FeatureServer/0/2420/attachments/2202?token=_Y2gDxg4c5cLoUeZS9Mzpf2gv-KgE3mTxf4vreOZbmYjRylGvJFMG91CzaDcXjGdm3AtlDWOP8AcHidyg3MgBE4ulFbF-5zepu6E3DdXkZGdB9FsBqaD1EtclvGo1kQO6bswEF2gz4bZKC-6FAbhoef5zvbMsj8Qt6YWEhkeJJ3O03HGZYBaXqItgx3f4-ra,Yes,,
2021/06/22 14:50:00+00,Tampa Bay - Piney 8,Manatee,No,Algae identified by FWRI,toxin analysis performed by DEP.,27.612975,-82.577642,mixed algae,no dominant species in sample,not detected,Anatoxin-a: not detected,Cylindrospermopsin: not detected,Nodularin: not detected,Saxitoxins: not detected,,No
2021/06/22 14:35:00+00,Tampa Bay - Piney 6,Manatee,No,Algae identified by FWRI,toxin analysis performed by DEP.,27.626,-82.5915,mixed algae,no dominant species in sample,not detected,Anatoxin-a: not detected,Cylindrospermopsin: not detected,Nodularin: not detected,Saxitoxins: not detected,,No
2021/06/22 14:16:00+00,Lake Okeechobee - L004,Martin,Yes,,Bright green BGA observed in low density clumps with undefined boundaries. BGA is suspended within 10cm of surface.,26.97773,-80.7073,Dominant taxon: Microcystis aeruginosa,5.9,Anatoxin-a: not detected,Cylindrospermopsin: not detected,Nodularin: not detected,https://services1.arcgis.com/nRHtyn3uE1kyzoYc/arcgis/rest/services/service_5c5ebb2c750c442da2b09ddcc97bb150/FeatureServer/0/2433/attachments/2212?token=_Y2gDxg4c5cLoUeZS9Mzpf2gv-KgE3mTxf4vreOZbmYjRylGvJFMG91CzaDcXjGdm3AtlDWOP8AcHidyg3MgBE4ulFbF-5zepu6E3DdXkZGdB9FsBqaD1EtclvGo1kQO6bswEF2gz4bZKC-6FAbhoef5zvbMsj8Qt6YWEhkeJJ3O03HGZYBaXqItgx3f4-ra,Yes,,
2021/06/22 14:15:00+00,Tampa Bay - Piney 3,Hillsborough,No,Algae identified by FWRI,toxin analysis performed by DEP.,27.6434,-82.5771,mixed algae,no dominant species in sample,not detected,Anatoxin-a: not detected,Cylindrospermopsin: not detected,Nodularin: not detected,Saxitoxins: not detected,,No
2021/06/22 14:15:00+00,Tampa Bay - Piney 18,Hillsborough,No,Algae identified by FWRI,toxin analysis performed by DEP.,27.682529,-82.49677,mixed algae,no dominant species in sample,not detected,Anatoxin-a: not detected,Cylindrospermopsin: not detected,Nodularin: not detected,Saxitoxins: not detected,,No
2021/06/22 14:00:00+00,Buck Creek Canal - Baytree Dr,Charlotte,Yes,,26.9160461,-82.2553818,mixed algae,no dominant species in sample,not detected,Anatoxin-a: not detected,Cylindrospermopsin: not detected,Nodularin: not detected,https://services1.arcgis.com/nRHtyn3uE1kyzoYc/arcgis/rest/services/service_5c5ebb2c750c442da2b09ddcc97bb150/FeatureServer/0/2418/attachments/2200?token=_Y2gDxg4c5cLoUeZS9Mzpf2gv-KgE3mTxf4vreOZbmYjRylGvJFMG91CzaDcXjGdm3AtlDWOP8AcHidyg3MgBE4ulFbF-5zepu6E3DdXkZGdB9FsBqaD1EtclvGo1kQO6bswEF2gz4bZKC-6FAbhoef5zvbMsj8Qt6YWEhkeJJ3O03HGZYBaXqItgx3f4-ra,No,,
2021/06/22 14:00:00+00,Tampa Bay - Piney 7,Hillsborough,No,Algae identified by FWRI,toxin analysis performed by DEP.,27.6625,-82.563904,mixed algae,no dominant species in sample,not detected,Anatoxin-a: not detected,Cylindrospermopsin: not detected,Nodularin: not detected,Saxitoxins: not detected,,No
2021/06/22 13:50:00+00,Lake Okeechobee - EASTSHORE,Martin,Yes,,Bright green BGA observed in medium density clumps with undefined boundaries. BGA is suspended within 10cm of surface.,27.0467,-80.6524,Dominant taxon: Microcystis aeruginosa,81,Anatoxin-a: not detected,Cylindrospermopsin: not detected,Nodularin: not detected,https://services1.arcgis.com/nRHtyn3uE1kyzoYc/arcgis/rest/services/service_5c5ebb2c750c442da2b09ddcc97bb150/FeatureServer/0/2432/attachments/2211?token=_Y2gDxg4c5cLoUeZS9Mzpf2gv-KgE3mTxf4vreOZbmYjRylGvJFMG91CzaDcXjGdm3AtlDWOP8AcHidyg3MgBE4ulFbF-5zepu6E3DdXkZGdB9FsBqaD1EtclvGo1kQO6bswEF2gz4bZKC-6FAbhoef5zvbMsj8Qt6YWEhkeJJ3O03HGZYBaXqItgx3f4-ra,Yes,,
2021/06/22 13:23:00+00,Lake Okeechobee - NCENTER,Okeechobee,Yes,Bright green BGA observed in low density clumps with undefined boundaries. BGA is suspended within 10cm of surface.,27.08892,-80.74241,Dominant taxon: Microcystis aeruginosa,4.4,Anatoxin-a: not detected,Cylindrospermopsin: not detected,Nodularin: not detected,https://services1.arcgis.com/nRHtyn3uE1kyzoYc/arcgis/rest/services/service_5c5ebb2c750c442da2b09ddcc97bb150/FeatureServer/0/2429/attachments/2208?token=_Y2gDxg4c5cLoUeZS9Mzpf2gv-KgE3mTxf4vreOZbmYjRylGvJFMG91CzaDcXjGdm3AtlDWOP8AcHidyg3MgBE4ulFbF-5zepu6E3DdXkZGdB9FsBqaD1EtclvGo1kQO6bswEF2gz4bZKC-6FAbhoef5zvbMsj8Qt6YWEhkeJJ3O03HGZYBaXqItgx3f4-ra,Yes,,,
2021/06/22 13:05:00+00,Lake Okeechobee - NES135,Okeechobee,Yes,,Bright green BGA observed in medium density clumps with undefined boundaries. BGA is suspended within 10cm of surface.,27.10895,-80.69448,Dominant taxon: Microcystis aeruginosa,21,Anatoxin-a: not detected,Cylindrospermopsin: not detected,Nodularin: not detected,https://services1.arcgis.com/nRHtyn3uE1kyzoYc/arcgis/rest/services/service_5c5ebb2c750c442da2b09ddcc97bb150/FeatureServer/0/2431/attachments/2210?token=_Y2gDxg4c5cLoUeZS9Mzpf2gv-KgE3mTxf4vreOZbmYjRylGvJFMG91CzaDcXjGdm3AtlDWOP8AcHidyg3MgBE4ulFbF-5zepu6E3DdXkZGdB9FsBqaD1EtclvGo1kQO6bswEF2gz4bZKC-6FAbhoef5zvbMsj8Qt6YWEhkeJJ3O03HGZYBaXqItgx3f4-ra,Yes,,
2021/06/22 12:38:00+00,Caloosahatchee River - Alva Boat Ramp,Lee,Yes,,26.7138,-81.6061,Dominant taxon: Microcystis aeruginosa,0.66 I (I qualifier indicates that the reported value is between the laboratory method detection limit and the laboratory practical quantitation limit.),Anatoxin-a: not detected,Cylindrospermopsin: not detected,Nodularin: not detected,,Yes,,,
2021/06/22 12:36:59+00,Lake Okeechobee - L001,Okeechobee,Yes,Bright green BGA observed in medium density clumps with undefined boundaries. BGA is suspended within 10cm of surface.,27.13921,-80.78905,Dominant taxon: Microcystis aeruginosa,7.8,Anatoxin-a: not detected,Cylindrospermopsin: not detected,Nodularin: not detected,https://services1.arcgis.com/nRHtyn3uE1kyzoYc/arcgis/rest/services/service_5c5ebb2c750c442da2b09ddcc97bb150/FeatureServer/0/2428/attachments/2207?token=_Y2gDxg4c5cLoUeZS9Mzpf2gv-KgE3mTxf4vreOZbmYjRylGvJFMG91CzaDcXjGdm3AtlDWOP8AcHidyg3MgBE4ulFbF-5zepu6E3DdXkZGdB9FsBqaD1EtclvGo1kQO6bswEF2gz4bZKC-6FAbhoef5zvbMsj8Qt6YWEhkeJJ3O03HGZYBaXqItgx3f4-ra,Yes,,,
2021/06/22 12:16:00+00,Lake Okeechobee - NES191,Okeechobee,Yes,Bright green BGA observed in medium density clumps with undefined boundaries. BGA is suspended within 10cm of surface.,27.18663,-80.77117,Dominant taxon: Microcystis aeruginosa,31,Anatoxin-a: not detected,Cylindrospermopsin: not detected,Nodularin: not detected,https://services1.arcgis.com/nRHtyn3uE1kyzoYc/arcgis/rest/services/service_5c5ebb2c750c442da2b09ddcc97bb150/FeatureServer/0/2427/attachments/2206?token=_Y2gDxg4c5cLoUeZS9Mzpf2gv-KgE3mTxf4vreOZbmYjRylGvJFMG91CzaDcXjGdm3AtlDWOP8AcHidyg3MgBE4ulFbF-5zepu6E3DdXkZGdB9FsBqaD1EtclvGo1kQO6bswEF2gz4bZKC-6FAbhoef5zvbMsj8Qt6YWEhkeJJ3O03HGZYBaXqItgx3f4-ra,Yes,,,
2021/06/22 11:55:00+00,Lake Okeechobee - LZ2,Okeechobee,Yes,"	Green, low density BGA observed with undefined boundaries. BGA is suspended within 10cm of surface.",27.18328,-80.82526,mixed algae,no dominant species in sample,0.77 I (I qualifier indicates that the reported value is between the laboratory method detection limit and the laboratory practical quantitation limit.),Anatoxin-a: not detected,Cylindrospermopsin: not detected,Nodularin: not detected,https://services1.arcgis.com/nRHtyn3uE1kyzoYc/arcgis/rest/services/service_5c5ebb2c750c442da2b09ddcc97bb150/FeatureServer/0/2426/attachments/2205?token=_Y2gDxg4c5cLoUeZS9Mzpf2gv-KgE3mTxf4vreOZbmYjRylGvJFMG91CzaDcXjGdm3AtlDWOP8AcHidyg3MgBE4ulFbF-5zepu6E3DdXkZGdB9FsBqaD1EtclvGo1kQO6bswEF2gz4bZKC-6FAbhoef5zvbMsj8Qt6YWEhkeJJ3O03HGZYBaXqItgx3f4-ra,Yes,,
2021/06/22 11:25:00+00,Lake Okeechobee - KISSR0.0,Okeechobee,No,No visible BGA.,27.1414,-80.84648,mixed algae,no dominant species in sample,not detected,Anatoxin-a: not detected,Cylindrospermopsin: not detected,Nodularin: not detected,,No,,
2021/06/21 18:27:59+00,Lake Willisara - Center,Orange,Yes,,28.5079299,-81.3613963,Dominant taxon: Microcystis sp.,0.29 I (I qualifier indicates that the reported value is between the laboratory method detection limit and the laboratory practical quantitation limit.),Anatoxin-a: not detected,Cylindrospermopsin: not detected,Nodularin: not detected,https://services1.arcgis.com/nRHtyn3uE1kyzoYc/arcgis/rest/services/service_5c5ebb2c750c442da2b09ddcc97bb150/FeatureServer/0/2411/attachments/2191?token=_Y2gDxg4c5cLoUeZS9Mzpf2gv-KgE3mTxf4vreOZbmYjRylGvJFMG91CzaDcXjGdm3AtlDWOP8AcHidyg3MgBE4ulFbF-5zepu6E3DdXkZGdB9FsBqaD1EtclvGo1kQO6bswEF2gz4bZKC-6FAbhoef5zvbMsj8Qt6YWEhkeJJ3O03HGZYBaXqItgx3f4-ra,Yes,,,
2021/06/21 18:14:59+00,Sabal Palm Lake - adjacent to LWDD L-49 canal,PalmBeach,Yes,,26.342829376334,-80.1064767031476,Dominant taxon: Chlamydomonas sp.,not detected,Anatoxin-a: not detected,Cylindrospermopsin: not detected,Nodularin: not detected,,No,,,
2021/06/21 16:30:00+00,C44 canal - 140m North of S308C,Martin,Yes,,26.9860136298596,-80.6207604929066,Dominant taxon: Microcystis aeruginosa,36,Anatoxin-a: not detected,Cylindrospermopsin: not detected,Nodularin: not detected,,Yes,,,
2021/06/21 16:20:00+00,Lake Okeechobee - S308C (lakeside),Martin,Yes,,26.9847846636733,-80.6215229728135,Dominant taxon: Microcystis aeruginosa,130,Anatoxin-a: not detected,Cylindrospermopsin: not detected,Nodularin: not detected,,Yes,,,
2021/06/21 14:57:00+00,C43 canal - S79 (upstream),Lee,Yes,Slight film on surface of the water upstream and downstream of platform,26.72281,-81.69097,Dominant taxon: Microcystis aeruginosa,2.2,Anatoxin-a: not detected,Cylindrospermopsin: not detected,Nodularin: not detected,https://services1.arcgis.com/nRHtyn3uE1kyzoYc/arcgis/rest/services/service_5c5ebb2c750c442da2b09ddcc97bb150/FeatureServer/0/2415/attachments/2193?token=_Y2gDxg4c5cLoUeZS9Mzpf2gv-KgE3mTxf4vreOZbmYjRylGvJFMG91CzaDcXjGdm3AtlDWOP8AcHidyg3MgBE4ulFbF-5zepu6E3DdXkZGdB9FsBqaD1EtclvGo1kQO6bswEF2gz4bZKC-6FAbhoef5zvbMsj8Qt6YWEhkeJJ3O03HGZYBaXqItgx3f4-ra,Yes,,,
2021/06/21 12:20:00+00,C43 canal - S77 (upstream rim canal),Glades,Yes,Slight film on surface of the water upstream and downstream of platform,26.84072,-81.08354,Dominant taxon: Cylindrospermopsis raciborskii,not detected,Anatoxin-a: not detected,Cylindrospermopsin: not detected,Nodularin: not detected,https://services1.arcgis.com/nRHtyn3uE1kyzoYc/arcgis/rest/services/service_5c5ebb2c750c442da2b09ddcc97bb150/FeatureServer/0/2416/attachments/2195?token=_Y2gDxg4c5cLoUeZS9Mzpf2gv-KgE3mTxf4vreOZbmYjRylGvJFMG91CzaDcXjGdm3AtlDWOP8AcHidyg3MgBE4ulFbF-5zepu6E3DdXkZGdB9FsBqaD1EtclvGo1kQO6bswEF2gz4bZKC-6FAbhoef5zvbMsj8Qt6YWEhkeJJ3O03HGZYBaXqItgx3f4-ra,No,,,
2021/06/21 12:08:00+00,Lake Okeechobee - Pahokee Ramp,PalmBeach,No,,No visible BGA. Pump running at boat ramp. Microcystin samples collected at 0.3 m.,26.82525,-80.66788,mixed algae,no dominant species in sample,not detected,Anatoxin-a: not detected,Cylindrospermopsin: not detected,Nodularin: not detected,https://services1.arcgis.com/nRHtyn3uE1kyzoYc/arcgis/rest/services/service_5c5ebb2c750c442da2b09ddcc97bb150/FeatureServer/0/2417/attachments/2197?token=_Y2gDxg4c5cLoUeZS9Mzpf2gv-KgE3mTxf4vreOZbmYjRylGvJFMG91CzaDcXjGdm3AtlDWOP8AcHidyg3MgBE4ulFbF-5zepu6E3DdXkZGdB9FsBqaD1EtclvGo1kQO6bswEF2gz4bZKC-6FAbhoef5zvbMsj8Qt6YWEhkeJJ3O03HGZYBaXqItgx3f4-ra,No,
2021/06/17 15:10:00+00,Tampa Bay - Piney 9,Manatee,No,Algae identified by FWRI,toxin analysis performed by DEP.,27.605986,-82.601167,mixed algae,no dominant species in sample,not detected,Anatoxin-a: not detected,Cylindrospermopsin: not detected,Nodularin: not detected,Saxitoxins: not detected,,No
2021/06/17 14:50:00+00,Tampa Bay - Piney 8,Manatee,No,Algae identified by FWRI,toxin analysis performed by DEP.,27.612975,-82.577642,mixed algae,no dominant species in sample,not detected,Anatoxin-a: not detected,Cylindrospermopsin: not detected,Nodularin: not detected,Saxitoxins: not detected,,No
2021/06/17 14:29:59+00,Tampa Bay - Piney 6,Manatee,No,Algae identified by FWRI,toxin analysis performed by DEP.,27.626,-82.5915,mixed algae,no dominant species in sample,not detected,Anatoxin-a: not detected,Cylindrospermopsin: not detected,Nodularin: not detected,Saxitoxins: not detected,,No
2021/06/17 14:05:00+00,Tampa Bay - Piney 3,Hillsborough,No,Algae identified by FWRI,toxin analysis performed by DEP.,27.6434,-82.5771,mixed algae,no dominant species in sample,not detected,Anatoxin-a: not detected,Cylindrospermopsin: not detected,Nodularin: not detected,Saxitoxins: not detected,,No
2021/06/17 13:55:00+00,Caloosahatchee River - S Olga Dr,Lee,Yes,,26.7241878,-81.7125698,Dominant taxon: Microcystis aeruginosa,0.82 I (I qualifier indicates that the reported value is between the laboratory method detection limit and the laboratory practical quantitation limit.),Anatoxin-a: not detected,Cylindrospermopsin: not detected,Nodularin: not detected,https://services1.arcgis.com/nRHtyn3uE1kyzoYc/arcgis/rest/services/service_5c5ebb2c750c442da2b09ddcc97bb150/FeatureServer/0/2404/attachments/2189?token=_Y2gDxg4c5cLoUeZS9Mzpf2gv-KgE3mTxf4vreOZbmYjRylGvJFMG91CzaDcXjGdm3AtlDWOP8AcHidyg3MgBE4ulFbF-5zepu6E3DdXkZGdB9FsBqaD1EtclvGo1kQO6bswEF2gz4bZKC-6FAbhoef5zvbMsj8Qt6YWEhkeJJ3O03HGZYBaXqItgx3f4-ra,Yes,,,
2021/06/17 13:50:00+00,Tampa Bay - Piney 18,Hillsborough,No,Algae identified by FWRI,toxin analysis performed by DEP.,27.682529,-82.49677,mixed algae,no dominant species in sample,not detected,Anatoxin-a: not detected,Cylindrospermopsin: not detected,Nodularin: not detected,Saxitoxins: not detected,,No
2021/06/17 13:44:59+00,Tampa Bay - Piney 7,Hillsborough,No,Algae identified by FWRI,toxin analysis performed by DEP.,27.6625,-82.563904,mixed algae,no dominant species in sample,not detected,Anatoxin-a: not detected,Cylindrospermopsin: not detected,Nodularin: not detected,Saxitoxins: not detected,,No
2021/06/17 13:25:00+00,Caloosahatchee River - Sebastian Ct canal,Lee,No,,26.7130142,-81.6210147,Dominant taxon: Microcystis aeruginosa,not detected,Anatoxin-a: not detected,Cylindrospermopsin: not detected,Nodularin: not detected,https://services1.arcgis.com/nRHtyn3uE1kyzoYc/arcgis/rest/services/service_5c5ebb2c750c442da2b09ddcc97bb150/FeatureServer/0/2403/attachments/2187?token=_Y2gDxg4c5cLoUeZS9Mzpf2gv-KgE3mTxf4vreOZbmYjRylGvJFMG91CzaDcXjGdm3AtlDWOP8AcHidyg3MgBE4ulFbF-5zepu6E3DdXkZGdB9FsBqaD1EtclvGo1kQO6bswEF2gz4bZKC-6FAbhoef5zvbMsj8Qt6YWEhkeJJ3O03HGZYBaXqItgx3f4-ra,No,,,
2021/06/17 12:35:00+00,Caloosahatchee River - Barron Park LaBelle,Hendry,Yes,,26.7689454,-81.4363472,Dominant taxon: Microcystis aeruginosa,not detected,Anatoxin-a: not detected,Cylindrospermopsin: not detected,Nodularin: not detected,https://services1.arcgis.com/nRHtyn3uE1kyzoYc/arcgis/rest/services/service_5c5ebb2c750c442da2b09ddcc97bb150/FeatureServer/0/2402/attachments/2185?token=_Y2gDxg4c5cLoUeZS9Mzpf2gv-KgE3mTxf4vreOZbmYjRylGvJFMG91CzaDcXjGdm3AtlDWOP8AcHidyg3MgBE4ulFbF-5zepu6E3DdXkZGdB9FsBqaD1EtclvGo1kQO6bswEF2gz4bZKC-6FAbhoef5zvbMsj8Qt6YWEhkeJJ3O03HGZYBaXqItgx3f4-ra,No,,,
2021/06/16 16:54:00+00,Lake Monroe - Center (LMAC),Volusia,No,,28.83496,-81.27091,Dominant taxon: Cylindrospermopsis raciborskii,not detected,Anatoxin-a: not detected,Cylindrospermopsin: 0.20 I (I qualifier indicates that the reported value is between the laboratory method detection limit and the laboratory practical quantitation limit.),Nodularin: not detected,Saxitoxins: not detected,,Yes,,
2021/06/16 14:56:00+00,Lake Jesup - Center (OW-CTR),Seminole,Yes,,28.7268,-81.2111,Dominant taxon: Microcystis aeruginosa,0.47 I (I qualifier indicates that the reported value is between the laboratory method detection limit and the laboratory practical quantitation limit.),Anatoxin-a: not detected,Cylindrospermopsin: not detected,Nodularin: not detected,Saxitoxins: not detected,,Yes,,
2021/06/16 14:45:00+00,C44 canal - Port Mayaca Boat Ramp,Martin,Yes,,26.9865745454327,-80.6144546128682,Co-dominant taxa were: Microcystis aeruginosa and Microcystis sp.,8.4,Anatoxin-a: not detected,Cylindrospermopsin: not detected,Nodularin: not detected,,Yes,,,
2021/06/16 12:38:00+00,Lake Washington - Center (LWC),Brevard,No,,28.142439,-80.746111,mixed algae,no dominant species in sample,not detected,Anatoxin-a: not detected,Cylindrospermopsin: not detected,Nodularin: not detected,Saxitoxins: not detected,https://services1.arcgis.com/nRHtyn3uE1kyzoYc/arcgis/rest/services/service_5c5ebb2c750c442da2b09ddcc97bb150/FeatureServer/0/2400/attachments/2184?token=_Y2gDxg4c5cLoUeZS9Mzpf2gv-KgE3mTxf4vreOZbmYjRylGvJFMG91CzaDcXjGdm3AtlDWOP8AcHidyg3MgBE4ulFbF-5zepu6E3DdXkZGdB9FsBqaD1EtclvGo1kQO6bswEF2gz4bZKC-6FAbhoef5zvbMsj8Qt6YWEhkeJJ3O03HGZYBaXqItgx3f4-ra,No,
2021/06/15 16:20:00+00,Rodman Reservoir - Buckman lock,Putnam,Yes,Green water. Comments by lock staff that bloom peaked late last week.,29.5458546,-81.7286119,mixed algae,no dominant species in sample,not detected,Anatoxin-a: not detected,Cylindrospermopsin: not detected,Nodularin: not detected,https://services1.arcgis.com/nRHtyn3uE1kyzoYc/arcgis/rest/services/service_5c5ebb2c750c442da2b09ddcc97bb150/FeatureServer/0/2392/attachments/2180?token=_Y2gDxg4c5cLoUeZS9Mzpf2gv-KgE3mTxf4vreOZbmYjRylGvJFMG91CzaDcXjGdm3AtlDWOP8AcHidyg3MgBE4ulFbF-5zepu6E3DdXkZGdB9FsBqaD1EtclvGo1kQO6bswEF2gz4bZKC-6FAbhoef5zvbMsj8Qt6YWEhkeJJ3O03HGZYBaXqItgx3f4-ra,No,,
2021/06/15 14:11:00+00,SJR - Shands Bridge (20030157),StJohns,No,,29.98163056,-81.62213889,mixed algae,no dominant species in sample,not detected,Anatoxin-a: not detected,Cylindrospermopsin: not detected,Nodularin: not detected,Saxitoxins: not detected,,No,
2021/06/15 14:00:00+00,Lake Okeechobee - Pahokee Marina,PalmBeach,Yes,,26.8252945653141,-80.667903613474,Dominant taxon: Microcystis aeruginosa,0.77 I (I qualifier indicates that the reported value is between the laboratory method detection limit and the laboratory practical quantitation limit.),Anatoxin-a: not detected,Cylindrospermopsin: not detected,Nodularin: not detected,,Yes,,,
2021/06/15 13:28:59+00,Doctors Lake - Center (DTL),Clay,No,,30.13805556,-81.72722222,mixed algae,no dominant species in sample,not detected,Anatoxin-a: not detected,Cylindrospermopsin: not detected,Nodularin: not detected,Saxitoxins: not detected,,No,
2021/06/15 13:10:00+00,SJR - Mandarin Point (MP72),Duval,No,,30.15666667,-81.68388889,mixed algae,no dominant species in sample,not detected,Anatoxin-a: not detected,Cylindrospermopsin: not detected,Nodularin: not detected,Saxitoxins: not detected,,No,
2021/06/15 11:51:00+00,C51 canal - S155 (upstream),PalmBeach,Yes,Visible BGA upstream of C51S155 structure,26.64484,-80.05509,Dominant taxon: Microcystis aeruginosa,0.59 I (I qualifier indicates that the reported value is between the laboratory method detection limit and the laboratory practical quantitation limit.),Anatoxin-a: not detected,Cylindrospermopsin: 0.20 I (I qualifier indicates that the reported value is between the laboratory method detection limit and the laboratory practical quantitation limit.),Nodularin: not detected,https://services1.arcgis.com/nRHtyn3uE1kyzoYc/arcgis/rest/services/service_5c5ebb2c750c442da2b09ddcc97bb150/FeatureServer/0/2393/attachments/2183?token=_Y2gDxg4c5cLoUeZS9Mzpf2gv-KgE3mTxf4vreOZbmYjRylGvJFMG91CzaDcXjGdm3AtlDWOP8AcHidyg3MgBE4ulFbF-5zepu6E3DdXkZGdB9FsBqaD1EtclvGo1kQO6bswEF2gz4bZKC-6FAbhoef5zvbMsj8Qt6YWEhkeJJ3O03HGZYBaXqItgx3f4-ra,Yes,,,
2021/06/14 18:42:00+00,Lake Okeechobee (rim canal) - Hoover Dike Road City Boat Ramp-floating dock near S169,Hendry,No,No visible BGA,26.76156,-80.91988,mixed algae,no dominant species in sample,not detected,Anatoxin-a: not detected,Cylindrospermopsin: not detected,Nodularin: not detected,https://services1.arcgis.com/nRHtyn3uE1kyzoYc/arcgis/rest/services/service_5c5ebb2c750c442da2b09ddcc97bb150/FeatureServer/0/2389/attachments/2177?token=_Y2gDxg4c5cLoUeZS9Mzpf2gv-KgE3mTxf4vreOZbmYjRylGvJFMG91CzaDcXjGdm3AtlDWOP8AcHidyg3MgBE4ulFbF-5zepu6E3DdXkZGdB9FsBqaD1EtclvGo1kQO6bswEF2gz4bZKC-6FAbhoef5zvbMsj8Qt6YWEhkeJJ3O03HGZYBaXqItgx3f4-ra,No,,
2021/06/14 17:40:00+00,Lake Okeechobee - CULV10A,PalmBeach,Yes,High density BGA present on water surface. BGA bright green in color with no defined boundaries. Bloom upstream of CULV10A. Gates open. Flow is into Lake Okeechobee,26.91708,-80.6131,Dominant taxon: Microcystis aeruginosa,42,Anatoxin-a: not detected,Cylindrospermopsin: not detected,Nodularin: not detected,https://services1.arcgis.com/nRHtyn3uE1kyzoYc/arcgis/rest/services/service_5c5ebb2c750c442da2b09ddcc97bb150/FeatureServer/0/2388/attachments/2175?token=_Y2gDxg4c5cLoUeZS9Mzpf2gv-KgE3mTxf4vreOZbmYjRylGvJFMG91CzaDcXjGdm3AtlDWOP8AcHidyg3MgBE4ulFbF-5zepu6E3DdXkZGdB9FsBqaD1EtclvGo1kQO6bswEF2gz4bZKC-6FAbhoef5zvbMsj8Qt6YWEhkeJJ3O03HGZYBaXqItgx3f4-ra,Yes,,,
2021/06/14 16:34:00+00,Miami Canal - G372,PalmBeach,No,BGA not visible.,26.4357,-80.80781,mixed algae,no dominant species in sample,not detected,Anatoxin-a: not detected,Cylindrospermopsin: not detected,Nodularin: not detected,https://services1.arcgis.com/nRHtyn3uE1kyzoYc/arcgis/rest/services/service_5c5ebb2c750c442da2b09ddcc97bb150/FeatureServer/0/2387/attachments/2174?token=_Y2gDxg4c5cLoUeZS9Mzpf2gv-KgE3mTxf4vreOZbmYjRylGvJFMG91CzaDcXjGdm3AtlDWOP8AcHidyg3MgBE4ulFbF-5zepu6E3DdXkZGdB9FsBqaD1EtclvGo1kQO6bswEF2gz4bZKC-6FAbhoef5zvbMsj8Qt6YWEhkeJJ3O03HGZYBaXqItgx3f4-ra,No,,
2021/06/14 15:13:00+00,C43 canal - S79 (upstream),Lee,Yes,Slight amount of bright green particulates visible in the water column upstream and downstream of the S79 platform. Gates open at the S79,26.72275,-81.691,Dominant taxon: Microcystis aeruginosa,0.52 I (I qualifier indicates that the reported value is between the laboratory method detection limit and the laboratory practical quantitation limit.),Anatoxin-a: not detected,Cylindrospermopsin: not detected,Nodularin: not detected,https://services1.arcgis.com/nRHtyn3uE1kyzoYc/arcgis/rest/services/service_5c5ebb2c750c442da2b09ddcc97bb150/FeatureServer/0/2391/attachments/2179?token=_Y2gDxg4c5cLoUeZS9Mzpf2gv-KgE3mTxf4vreOZbmYjRylGvJFMG91CzaDcXjGdm3AtlDWOP8AcHidyg3MgBE4ulFbF-5zepu6E3DdXkZGdB9FsBqaD1EtclvGo1kQO6bswEF2gz4bZKC-6FAbhoef5zvbMsj8Qt6YWEhkeJJ3O03HGZYBaXqItgx3f4-ra,Yes,,,
2021/06/14 14:28:00+00,Storm Treatment Area 34 - G379D,PalmBeach,No,No BGA present at site or in sample.,26.33948,-80.62438,mixed algae,no dominant species in sample,not detected,Anatoxin-a: not detected,Cylindrospermopsin: not detected,Nodularin: not detected,https://services1.arcgis.com/nRHtyn3uE1kyzoYc/arcgis/rest/services/service_5c5ebb2c750c442da2b09ddcc97bb150/FeatureServer/0/2386/attachments/2173?token=_Y2gDxg4c5cLoUeZS9Mzpf2gv-KgE3mTxf4vreOZbmYjRylGvJFMG91CzaDcXjGdm3AtlDWOP8AcHidyg3MgBE4ulFbF-5zepu6E3DdXkZGdB9FsBqaD1EtclvGo1kQO6bswEF2gz4bZKC-6FAbhoef5zvbMsj8Qt6YWEhkeJJ3O03HGZYBaXqItgx3f4-ra,No,,
2021/06/14 12:49:59+00,C43 canal - S77 (upstream),Glades,Yes,Slight amount of BGA visible in the water column upstream and down stream of the S77 platform. Gates open at S77 structure.,26.84077,-81.08352,mixed algae,no dominant species in sample,not detected,Anatoxin-a: not detected,Cylindrospermopsin: not detected,Nodularin: not detected,https://services1.arcgis.com/nRHtyn3uE1kyzoYc/arcgis/rest/services/service_5c5ebb2c750c442da2b09ddcc97bb150/FeatureServer/0/2390/attachments/2178?token=_Y2gDxg4c5cLoUeZS9Mzpf2gv-KgE3mTxf4vreOZbmYjRylGvJFMG91CzaDcXjGdm3AtlDWOP8AcHidyg3MgBE4ulFbF-5zepu6E3DdXkZGdB9FsBqaD1EtclvGo1kQO6bswEF2gz4bZKC-6FAbhoef5zvbMsj8Qt6YWEhkeJJ3O03HGZYBaXqItgx3f4-ra,No,,
2021/06/14 11:48:00+00,Lake Okeechobee - S308C (lakeside),Martin,No,No visible BGA.,26.9849,-80.62146,Dominant taxon: Microcystis aeruginosa,5,Anatoxin-a: not detected,Cylindrospermopsin: not detected,Nodularin: not detected,https://services1.arcgis.com/nRHtyn3uE1kyzoYc/arcgis/rest/services/service_5c5ebb2c750c442da2b09ddcc97bb150/FeatureServer/0/2385/attachments/2172?token=_Y2gDxg4c5cLoUeZS9Mzpf2gv-KgE3mTxf4vreOZbmYjRylGvJFMG91CzaDcXjGdm3AtlDWOP8AcHidyg3MgBE4ulFbF-5zepu6E3DdXkZGdB9FsBqaD1EtclvGo1kQO6bswEF2gz4bZKC-6FAbhoef5zvbMsj8Qt6YWEhkeJJ3O03HGZYBaXqItgx3f4-ra,Yes,,,
2021/06/10 15:55:00+00,Tampa Bay - Piney 10,Manatee,No,Algae identified by FWRI,toxin analysis performed by DEP.,27.572583,-82.629644,mixed algae,no dominant species in sample,not detected,Anatoxin-a: not detected,Cylindrospermopsin: not detected,Nodularin: not detected,Saxitoxins: not detected,,No
2021/06/10 15:45:00+00,Tampa Bay - Piney 11,Manatee,No,Algae identified by FWRI,toxin analysis performed by DEP.,27.576508,-82.652494,mixed algae,no dominant species in sample,not detected,Anatoxin-a: not detected,Cylindrospermopsin: not detected,Nodularin: not detected,Saxitoxins: not detected,,No
2021/06/10 15:17:59+00,Lake George - Center (LEO),Volusia,No,,29.3083055555556,-81.6063888888889,Co-dominant taxa were: Microcystis aeruginosa and Planktolyngbya limnetica,not detected,Anatoxin-a: not detected,Cylindrospermopsin: 0.23 I (I qualifier indicates that the reported value is between the laboratory method detection limit and the laboratory practical quantitation limit.),Nodularin: not detected,Saxitoxins: not detected,,Yes,,
2021/06/10 15:14:59+00,Tampa Bay - Piney 13,Manatee,No,Algae identified by FWRI,toxin analysis performed by DEP.,27.552008,-82.6717,mixed algae,no dominant species in sample,not detected,Anatoxin-a: not detected,Cylindrospermopsin: not detected,Nodularin: not detected,Saxitoxins: not detected,,No
2021/06/10 14:55:00+00,Tampa Bay - Piney 15,Manatee,No,Algae identified by FWRI,toxin analysis performed by DEP.,27.545808,-82.70095,mixed algae,no dominant species in sample,not detected,Anatoxin-a: not detected,Cylindrospermopsin: not detected,Nodularin: not detected,Saxitoxins: not detected,,No
2021/06/10 14:29:59+00,Caloosahatchee River - S Olga Dr,Lee,Yes,,26.724208,-81.7125281,Dominant taxon: Microcystis aeruginosa,1.9,Anatoxin-a: not detected,Cylindrospermopsin: not detected,Nodularin: not detected,https://services1.arcgis.com/nRHtyn3uE1kyzoYc/arcgis/rest/services/service_5c5ebb2c750c442da2b09ddcc97bb150/FeatureServer/0/2374/attachments/2168?token=_Y2gDxg4c5cLoUeZS9Mzpf2gv-KgE3mTxf4vreOZbmYjRylGvJFMG91CzaDcXjGdm3AtlDWOP8AcHidyg3MgBE4ulFbF-5zepu6E3DdXkZGdB9FsBqaD1EtclvGo1kQO6bswEF2gz4bZKC-6FAbhoef5zvbMsj8Qt6YWEhkeJJ3O03HGZYBaXqItgx3f4-ra,Yes,,,
2021/06/10 14:27:00+00,Blue Cypress Lake - Center (BCL),IndianRiver,Yes,,27.7266,-80.7536,Dominant taxon: Microcystis wesenbergii,not detected,Anatoxin-a: not detected,Cylindrospermopsin: not detected,Nodularin: not detected,Saxitoxins: not detected,https://services1.arcgis.com/nRHtyn3uE1kyzoYc/arcgis/rest/services/service_5c5ebb2c750c442da2b09ddcc97bb150/FeatureServer/0/2376/attachments/2171?token=_Y2gDxg4c5cLoUeZS9Mzpf2gv-KgE3mTxf4vreOZbmYjRylGvJFMG91CzaDcXjGdm3AtlDWOP8AcHidyg3MgBE4ulFbF-5zepu6E3DdXkZGdB9FsBqaD1EtclvGo1kQO6bswEF2gz4bZKC-6FAbhoef5zvbMsj8Qt6YWEhkeJJ3O03HGZYBaXqItgx3f4-ra,No,,
2021/06/10 14:00:00+00,Caloosahatchee River - Sebastian Ct canal,Lee,No,,26.7130204,-81.6210201,mixed algae,no dominant species in sample,0.30 I (I qualifier indicates that the reported value is between the laboratory method detection limit and the laboratory practical quantitation limit.),Anatoxin-a: not detected,Cylindrospermopsin: not detected,Nodularin: not detected,https://services1.arcgis.com/nRHtyn3uE1kyzoYc/arcgis/rest/services/service_5c5ebb2c750c442da2b09ddcc97bb150/FeatureServer/0/2373/attachments/2166?token=_Y2gDxg4c5cLoUeZS9Mzpf2gv-KgE3mTxf4vreOZbmYjRylGvJFMG91CzaDcXjGdm3AtlDWOP8AcHidyg3MgBE4ulFbF-5zepu6E3DdXkZGdB9FsBqaD1EtclvGo1kQO6bswEF2gz4bZKC-6FAbhoef5zvbMsj8Qt6YWEhkeJJ3O03HGZYBaXqItgx3f4-ra,Yes,,
2021/06/10 13:31:59+00,Caloosahatchee River - Davis Boat Ramp,Lee,No,,26.71149,-81.75322,mixed algae,no dominant species in sample,not detected,Anatoxin-a: not detected,Cylindrospermopsin: not detected,Nodularin: not detected,,No,,
2021/06/10 13:05:00+00,Caloosahatchee River - Barron Park LaBelle,Hendry,Yes,,26.7689598,-81.4363219,Dominant taxon: Microcystis aeruginosa,4,Anatoxin-a: not detected,Cylindrospermopsin: not detected,Nodularin: not detected,https://services1.arcgis.com/nRHtyn3uE1kyzoYc/arcgis/rest/services/service_5c5ebb2c750c442da2b09ddcc97bb150/FeatureServer/0/2372/attachments/2164?token=_Y2gDxg4c5cLoUeZS9Mzpf2gv-KgE3mTxf4vreOZbmYjRylGvJFMG91CzaDcXjGdm3AtlDWOP8AcHidyg3MgBE4ulFbF-5zepu6E3DdXkZGdB9FsBqaD1EtclvGo1kQO6bswEF2gz4bZKC-6FAbhoef5zvbMsj8Qt6YWEhkeJJ3O03HGZYBaXqItgx3f4-ra,Yes,,,
2021/06/10 12:52:00+00,Stick Marsh - North (STKM),IndianRiver,Yes,,27.81065,-80.724854,mixed algae,no dominant species in sample,not detected,Anatoxin-a: not detected,Cylindrospermopsin: not detected,Nodularin: not detected,Saxitoxins: not detected,https://services1.arcgis.com/nRHtyn3uE1kyzoYc/arcgis/rest/services/service_5c5ebb2c750c442da2b09ddcc97bb150/FeatureServer/0/2375/attachments/2170?token=_Y2gDxg4c5cLoUeZS9Mzpf2gv-KgE3mTxf4vreOZbmYjRylGvJFMG91CzaDcXjGdm3AtlDWOP8AcHidyg3MgBE4ulFbF-5zepu6E3DdXkZGdB9FsBqaD1EtclvGo1kQO6bswEF2gz4bZKC-6FAbhoef5zvbMsj8Qt6YWEhkeJJ3O03HGZYBaXqItgx3f4-ra,No,
2021/06/10 12:40:00+00,Caloosahatchee River - Alva Boat Ramp,Lee,No,,26.71394,-81.60612,Dominant taxon: Microcystis aeruginosa,0.87 I (I qualifier indicates that the reported value is between the laboratory method detection limit and the laboratory practical quantitation limit.),Anatoxin-a: not detected,Cylindrospermopsin: not detected,Nodularin: not detected,,Yes,,,
2021/06/10 12:04:59+00,Orange River - Manatee Park,Lee,Yes,,26.6920145,-81.7773553,mixed algae,no dominant species in sample,not detected,Anatoxin-a: not detected,Cylindrospermopsin: not detected,Nodularin: not detected,https://services1.arcgis.com/nRHtyn3uE1kyzoYc/arcgis/rest/services/service_5c5ebb2c750c442da2b09ddcc97bb150/FeatureServer/0/2371/attachments/2162?token=_Y2gDxg4c5cLoUeZS9Mzpf2gv-KgE3mTxf4vreOZbmYjRylGvJFMG91CzaDcXjGdm3AtlDWOP8AcHidyg3MgBE4ulFbF-5zepu6E3DdXkZGdB9FsBqaD1EtclvGo1kQO6bswEF2gz4bZKC-6FAbhoef5zvbMsj8Qt6YWEhkeJJ3O03HGZYBaXqItgx3f4-ra,No,,
2021/06/09 17:22:00+00,Lake Okeechobee - CLV10A,PalmBeach,No,No visible BGA.,26.91554,-80.62553,Dominant taxon: Microcystis aeruginosa,not detected,Anatoxin-a: not detected,Cylindrospermopsin: not detected,Nodularin: not detected,,No,,,
2021/06/09 16:42:00+00,Lake Okeechobee - LZ40,PalmBeach,Yes,Bright BGA observed in low density clumps and streaks with undefined boundaries. BGA is suspended within 10cm of surface.,26.90186,-80.78913,Dominant taxon: Microcystis aeruginosa,not detected,Anatoxin-a: not detected,Cylindrospermopsin: not detected,Nodularin: not detected,https://services1.arcgis.com/nRHtyn3uE1kyzoYc/arcgis/rest/services/service_5c5ebb2c750c442da2b09ddcc97bb150/FeatureServer/0/2359/attachments/2157?token=_Y2gDxg4c5cLoUeZS9Mzpf2gv-KgE3mTxf4vreOZbmYjRylGvJFMG91CzaDcXjGdm3AtlDWOP8AcHidyg3MgBE4ulFbF-5zepu6E3DdXkZGdB9FsBqaD1EtclvGo1kQO6bswEF2gz4bZKC-6FAbhoef5zvbMsj8Qt6YWEhkeJJ3O03HGZYBaXqItgx3f4-ra,No,,,
2021/06/09 16:18:59+00,Lake Okeechobee - L006,PalmBeach,Yes,Bright BGA observed in low density clumps and streaks with undefined boundaries. BGA is suspended within 10cm of surface.,26.82247,-80.78283,Dominant taxon: Microcystis aeruginosa,0.30 I (I qualifier indicates that the reported value is between the laboratory method detection limit and the laboratory practical quantitation limit.),Anatoxin-a: not detected,Cylindrospermopsin: not detected,Nodularin: not detected,https://services1.arcgis.com/nRHtyn3uE1kyzoYc/arcgis/rest/services/service_5c5ebb2c750c442da2b09ddcc97bb150/FeatureServer/0/2360/attachments/2158?token=_Y2gDxg4c5cLoUeZS9Mzpf2gv-KgE3mTxf4vreOZbmYjRylGvJFMG91CzaDcXjGdm3AtlDWOP8AcHidyg3MgBE4ulFbF-5zepu6E3DdXkZGdB9FsBqaD1EtclvGo1kQO6bswEF2gz4bZKC-6FAbhoef5zvbMsj8Qt6YWEhkeJJ3O03HGZYBaXqItgx3f4-ra,Yes,,,
2021/06/09 16:08:00+00,Dead River - residential canal S of US 441,Lake,Yes,Slight bloom visible. Water green/turbid but that is not unusual,28.8140523,-81.7601309,Co-dominant taxa were: Microcystis aeruginosa and Cylindrospermopsis raciborskii,0.27 I (I qualifier indicates that the reported value is between the laboratory method detection limit and the laboratory practical quantitation limit.),Anatoxin-a: not detected,Cylindrospermopsin: not detected,Nodularin: not detected,https://services1.arcgis.com/nRHtyn3uE1kyzoYc/arcgis/rest/services/service_5c5ebb2c750c442da2b09ddcc97bb150/FeatureServer/0/2356/attachments/2155?token=_Y2gDxg4c5cLoUeZS9Mzpf2gv-KgE3mTxf4vreOZbmYjRylGvJFMG91CzaDcXjGdm3AtlDWOP8AcHidyg3MgBE4ulFbF-5zepu6E3DdXkZGdB9FsBqaD1EtclvGo1kQO6bswEF2gz4bZKC-6FAbhoef5zvbMsj8Qt6YWEhkeJJ3O03HGZYBaXqItgx3f4-ra,Yes,,,
2021/06/09 15:52:00+00,Lake Okeechobee - PALMOUT3,PalmBeach,Yes,Green BGA observed in low density clumps and streaks with undefined boundaries. BGA is suspended within 10cm of surface.,26.8557,-80.86814,Dominant taxon: Microcystis aeruginosa,0.64 I (I qualifier indicates that the reported value is between the laboratory method detection limit and the laboratory practical quantitation limit.),Anatoxin-a: not detected,Cylindrospermopsin: not detected,Nodularin: not detected,https://services1.arcgis.com/nRHtyn3uE1kyzoYc/arcgis/rest/services/service_5c5ebb2c750c442da2b09ddcc97bb150/FeatureServer/0/2361/attachments/2159?token=_Y2gDxg4c5cLoUeZS9Mzpf2gv-KgE3mTxf4vreOZbmYjRylGvJFMG91CzaDcXjGdm3AtlDWOP8AcHidyg3MgBE4ulFbF-5zepu6E3DdXkZGdB9FsBqaD1EtclvGo1kQO6bswEF2gz4bZKC-6FAbhoef5zvbMsj8Qt6YWEhkeJJ3O03HGZYBaXqItgx3f4-ra,Yes,,,
2021/06/09 15:36:59+00,Lake Eustis - NW Corner,Lake,No,Water is green/turbid but that is not unusual,28.86613,-81.744221,Dominant taxon: Microcystis aeruginosa,not detected,Anatoxin-a: not detected,Cylindrospermopsin: not detected,Nodularin: not detected,,No,,,
2021/06/09 15:36:59+00,Lake Okeechobee - PALMOUT2,Hendry,No,No visible BGA.,26.84306,-80.88908,Dominant taxon: Microcystis aeruginosa,not detected,Anatoxin-a: not detected,Cylindrospermopsin: not detected,Nodularin: not detected,,No,,,
2021/06/09 15:26:00+00,Crescent Lake - mouth of Dunns Creek (CRESLM),Putnam,No,,29.52955556,-81.55361111,mixed algae,no dominant species in sample,not detected,Anatoxin-a: not detected,Cylindrospermopsin: not detected,Nodularin: not detected,Saxitoxins: not detected,,No,
2021/06/09 15:17:59+00,Lake Okeechobee - PALMOUT1,Hendry,Yes,Green BGA observed in low density clumps and streaks with undefined boundaries. BGA is suspended within 10cm of surface.,26.83747,-80.91843,Dominant taxon: Microcystis aeruginosa,1.9,Anatoxin-a: not detected,Cylindrospermopsin: not detected,Nodularin: not detected,https://services1.arcgis.com/nRHtyn3uE1kyzoYc/arcgis/rest/services/service_5c5ebb2c750c442da2b09ddcc97bb150/FeatureServer/0/2363/attachments/2160?token=_Y2gDxg4c5cLoUeZS9Mzpf2gv-KgE3mTxf4vreOZbmYjRylGvJFMG91CzaDcXjGdm3AtlDWOP8AcHidyg3MgBE4ulFbF-5zepu6E3DdXkZGdB9FsBqaD1EtclvGo1kQO6bswEF2gz4bZKC-6FAbhoef5zvbMsj8Qt6YWEhkeJJ3O03HGZYBaXqItgx3f4-ra,Yes,,,
2021/06/09 14:55:00+00,Lake Howell - SW corner,Seminole,Yes,,28.6368369276597,-81.3177315271133,Dominant taxon: Microcystis aeruginosa,0.60 I (I qualifier indicates that the reported value is between the laboratory method detection limit and the laboratory practical quantitation limit.),Anatoxin-a: not detected,Cylindrospermopsin: not detected,Nodularin: not detected,https://services1.arcgis.com/nRHtyn3uE1kyzoYc/arcgis/rest/services/service_5c5ebb2c750c442da2b09ddcc97bb150/FeatureServer/0/2345/attachments/2153?token=_Y2gDxg4c5cLoUeZS9Mzpf2gv-KgE3mTxf4vreOZbmYjRylGvJFMG91CzaDcXjGdm3AtlDWOP8AcHidyg3MgBE4ulFbF-5zepu6E3DdXkZGdB9FsBqaD1EtclvGo1kQO6bswEF2gz4bZKC-6FAbhoef5zvbMsj8Qt6YWEhkeJJ3O03HGZYBaXqItgx3f4-ra,Yes,,,
2021/06/09 14:51:00+00,Lake Okeechobee - PALMOUT,Glades,Yes,Green BGA observed in low density clumps with undefined boundaries. BGA is suspended within 10cm of surface.,26.83202,-80.9426,Dominant taxon: Microcystis aeruginosa,1.5,Anatoxin-a: not detected,Cylindrospermopsin: not detected,Nodularin: not detected,https://services1.arcgis.com/nRHtyn3uE1kyzoYc/arcgis/rest/services/service_5c5ebb2c750c442da2b09ddcc97bb150/FeatureServer/0/2364/attachments/2161?token=_Y2gDxg4c5cLoUeZS9Mzpf2gv-KgE3mTxf4vreOZbmYjRylGvJFMG91CzaDcXjGdm3AtlDWOP8AcHidyg3MgBE4ulFbF-5zepu6E3DdXkZGdB9FsBqaD1EtclvGo1kQO6bswEF2gz4bZKC-6FAbhoef5zvbMsj8Qt6YWEhkeJJ3O03HGZYBaXqItgx3f4-ra,Yes,,,
2021/06/09 14:21:00+00,Lake Okeechobee - LZ30,PalmBeach,No,No visible BGA.,26.79735,-80.8593,Dominant taxon: Microcystis aeruginosa,not detected,Anatoxin-a: not detected,Cylindrospermopsin: not detected,Nodularin: not detected,,No,,,
2021/06/09 14:00:59+00,Lake Okeechobee - POLE3S,PalmBeach,No,No visible BGA.,26.73341,-80.84007,mixed algae,no dominant species in sample,not detected,Anatoxin-a: not detected,Cylindrospermopsin: not detected,Nodularin: not detected,,No,,
2021/06/09 13:38:00+00,Lake Okeechobee - RITTAE2,PalmBeach,No,No visible BGA.,26.72908,-80.79016,mixed algae,no dominant species in sample,not detected,Anatoxin-a: not detected,Cylindrospermopsin: not detected,Nodularin: not detected,,No,,
2021/06/09 13:21:59+00,Lake Okeechobee - LZ25A,PalmBeach,No,No visible BGA.,26.74428,-80.76919,mixed algae,no dominant species in sample,not detected,Anatoxin-a: not detected,Cylindrospermopsin: not detected,Nodularin: not detected,,No,,
2021/06/09 13:07:00+00,Lake Okeechobee - L007,PalmBeach,No,No visible BGA.,26.76999,-80.78426,mixed algae,no dominant species in sample,not detected,Anatoxin-a: not detected,Cylindrospermopsin: not detected,Nodularin: not detected,,No,,
2021/06/09 12:42:00+00,Lake Okeechobee - PELBAY3,PalmBeach,No,No visible BGA.,26.77404,-80.70829,mixed algae,no dominant species in sample,not detected,Anatoxin-a: not detected,Cylindrospermopsin: not detected,Nodularin: not detected,,No,,
2021/06/08 18:42:00+00,C51 canal - bridge at Military Trail,PalmBeach,No,No visible BGA observed upstream of bridge.,26.67707,-80.11249,mixed algae,no dominant species in sample,0.38 I (I qualifier indicates that the reported value is between the laboratory method detection limit and the laboratory practical quantitation limit.),Anatoxin-a: not detected,Cylindrospermopsin: 0.23 I (I qualifier indicates that the reported value is between the laboratory method detection limit and the laboratory practical quantitation limit.),Nodularin: not detected,https://services1.arcgis.com/nRHtyn3uE1kyzoYc/arcgis/rest/services/service_5c5ebb2c750c442da2b09ddcc97bb150/FeatureServer/0/2341/attachments/2150?token=_Y2gDxg4c5cLoUeZS9Mzpf2gv-KgE3mTxf4vreOZbmYjRylGvJFMG91CzaDcXjGdm3AtlDWOP8AcHidyg3MgBE4ulFbF-5zepu6E3DdXkZGdB9FsBqaD1EtclvGo1kQO6bswEF2gz4bZKC-6FAbhoef5zvbMsj8Qt6YWEhkeJJ3O03HGZYBaXqItgx3f4-ra,Yes,,
2021/06/08 17:38:00+00,Lake Okeechobee - KBARSE,Okeechobee,Yes,"Medium density BGA bright green in color. No discernable boundaries BGA interspersed throughout water column. 
",27.07615,-80.80791,Dominant taxon: Microcystis aeruginosa,2,Anatoxin-a: not detected,Cylindrospermopsin: not detected,Nodularin: not detected,https://services1.arcgis.com/nRHtyn3uE1kyzoYc/arcgis/rest/services/service_5c5ebb2c750c442da2b09ddcc97bb150/FeatureServer/0/2324/attachments/2134?token=_Y2gDxg4c5cLoUeZS9Mzpf2gv-KgE3mTxf4vreOZbmYjRylGvJFMG91CzaDcXjGdm3AtlDWOP8AcHidyg3MgBE4ulFbF-5zepu6E3DdXkZGdB9FsBqaD1EtclvGo1kQO6bswEF2gz4bZKC-6FAbhoef5zvbMsj8Qt6YWEhkeJJ3O03HGZYBaXqItgx3f4-ra,Yes,,,
site_visit_date,location,county,algae_observed,comments,latitude,longitude,algae_type,microcystin,other_toxin,pic_URL,toxin_present,,,,,
